id;date_reservation;date_rendu;remarques
1;2019-09-30T15:42:38;2019-09-30T20:04:51;Wyoming interface Cotton
2;2019-10-01T03:43:29;2019-09-30T15:05:29;user-centric Infrastructure
3;2019-09-30T13:07:25;2019-10-01T03:59:56;Dobra application
4;2019-10-01T04:00:27;2019-10-01T07:15:01;Global Berkshire
5;2019-09-30T13:53:26;2019-10-01T00:22:28;superstructure
6;2019-10-01T07:19:32;2019-10-01T00:23:04;Industrial
7;2019-09-30T11:59:47;2019-09-30T13:23:38;granular
8;2019-09-30T10:45:44;2019-09-30T10:55:26;Applications Missouri deposit
9;2019-09-30T22:57:45;2019-10-01T07:31:28;Money Market Account
10;2019-09-30T20:26:11;2019-09-30T17:35:06;parse
