;;;;;;;;;;;
;Prenom_Nom;Date adhésion;Tel;Mail;Box;Type abo;Caution 85€;Niveau;Matériel technique autorisé*;Remarques;* il s'agit de la Falcon par exemple
;;;;;;;;;;;
;;;;;;;;;;;
;;;;;;;;;;;
;;;;;;;;;;;
;;5/D/YYYY;;;;Etudiant : 50€;Oui;Funboard;;;
;;5/D/YYYY;;;;Journée : 20€;Non;Débutant;;Hugo;
;;5/D/YYYY;;;;Journée : 20€;Non;Débutant +;;;
;;5/D/YYYY;;;;Etudiant : 50€;Oui;Débutant;;;
;;5/D/YYYY;;;;Journée : 20€;Non;Débutant;;hugo;
;;5/D/YYYY;;;;Etudiant : 50€;Oui;Perf;;;
;;5/D/YYYY;;;;Etudiant : 50€;Oui;Funboard;;;
;;5/D/YYYY;;;;Etudiant : 50€;oui;Débutant +;;;
;;5/D/YYYY;;;;Etudiant : 50€;oui;;;;
;;5/D/YYYY;;;;Adulte : 80€;oui;;;;
;;5/D/YYYY;;;;Etudiant : 50€;non;;;;
;;5/D/YYYY;;;;Etudiant : 50€;non;;;;
;;5/D/YYYY;;;;Adulte : 80€;oui;;;;
;;5/D/YYYY;;;;Etudiant : 50€;Oui;;;;
;;5/D/YYYY;;;;Etudiant : 50€;Oui;Funboard;;;
;;5/D/YYYY;;;;Adulte : 80€;Oui;Funboard;Oui;;
;;5/D/YYYY;;;;Etudiant : 50€;Oui;Funboard;;;
;;5/D/YYYY;;;;Etudiant : 50€;Oui;Funboard;;;
;;5/D/YYYY;;;;Etudiant : 50€;Oui;Funboard;;;
;;5/D/YYYY;;;;Etudiant : 50€;Oui;Débutant;Non;;
;;5/D/YYYY;;;;Etudiant : 50€;oui;Débutant;;;
;;5/D/YYYY;;;;Etudiant : 50€;oui;Perf;;;
;;5/D/YYYY;;;;Adulte : 80€;Non;Funboard;;Reste à payer;
;;5/D/YYYY;;;;Journée : 20€;Non;Funboard;;;
;;5/D/YYYY;;;;Famille : 120€;non;Funboard;;il manque à payer 15;
;;5/D/YYYY;;;;;non;débutant;;;
;;5/D/YYYY;;;;Adulte : 80€;Oui;Débutant +;;;
;;5/D/YYYY;;;;Journée : 20€;Non;Débutant;;Futur inscription adhérent probable;
;;5/D/YYYY;;;;Journée : 20€;Non;Débutant;;Futur inscription adhérent probable;
;;5/D/YYYY;;;;Journée : 20€;Non;Débutant +;;Futur inscription adhérent probable non payé;
;;5/D/YYYY;;;;Etudiant : 50€;Oui;Perf;;;
;;5/D/YYYY;;;;Etudiant : 50€;Oui;Perf;;;
;;5/D/YYYY;;;;Etudiant : 50€;Oui;Funboard;Oui;;
;;5/D/YYYY;;;;;Non;Débutant;;Reste à payer;
;;5/D/YYYY;;;;Etudiant : 50€;Non;;;;
;;5/D/YYYY;;;;Adulte : 80€;Oui;Débutant;;;
;;30/05:2019;;;;Adulte : 80€;Non;Funboard;Oui;VIP 10 (Voir A);
;;5/D/YYYY;;;;Journée : 20€;Non;Débutant;Non;;
;;5/D/YYYY;;;;Etudiant : 50€;Oui;Funboard;Non;;
;;6/D/YYYY;;;;Journée : 20€;Non;Funboard;Non;Futur inscription adhérent probable;
;;6/D/YYYY;;;;Etudiant : 50€;Oui;Funboard;non;;
;;6/D/YYYY;;;;Adulte : 80€;Oui;Funboard;Oui;;
;;6/D/YYYY;;;;Adulte : 80€;Non;Funboard;Oui;Caution à donner à la prochaine séance;
;;6/D/YYYY;;;;Adulte : 80€;Oui;Funboard;Oui;;
;;6/D/YYYY;;;;Adulte : 80€;Oui;Funboard;;;
;;6/D/YYYY;;;;Etudiant : 50€;;Débutant;;Doit apporter le chèque de caution;
;;6/D/YYYY;;;;Adulte : 80€;Oui;Funboard;;;
;;6/D/YYYY;;;;Etudiant : 50€;Oui;Débutant;;;
;;6/D/YYYY;;;;Etudiant : 50€;Oui;Débutant +;;;
;;6/D/YYYY;;;;Famille : 120€;Non;;;Qu'un seul cheque caussion à venir;
;;6/D/YYYY;;;;Adulte : 80€;oui;Perf;;;
;;6/D/YYYY;;;;Journée : 20€;non;Débutant +;non;Dépôt de carte d'identité;
;;6/D/YYYY;;;;Journée : 20€;non;Débutant;non;Dépôt de carte d'identité;
;;6/D/YYYY;;;;Journée : 20€;non;Débutant +;non;débot de carte d'identité;
;;6/D/YYYY;;;;Journée : 20€;Non;Perf;Non;débot de carte d'identité;
;;6/D/YYYY;;;;Journée : 20€;Non;Débutant +;Non;Parrainage Coralline;
;;6/D/YYYY;;;;Etudiant : 50€;non;Funboard;;Reste à payer;
;;6/D/YYYY;;;;Etudiant : 50€;NON;perf;;caution;
;;6/D/YYYY;;;;Etudiant : 50€;oui;perf;;;
;;6/D/YYYY;;;;Etudiant : 50€;oui;perf;;;
;;6/D/YYYY;;;;Famille : 120€;oui;;;;
;;6/D/YYYY;;;;Adulte : 80€;Oui;débutant;;;
;;6/D/YYYY;;;;Etudiant : 50€;Oui;Perf;Oui;;
;;6/D/YYYY;;;;Etudiant : 50€;Oui;débutant;;;
;;6/D/YYYY;;;;Etudiant : 50€;Oui;débutant;;;
;;6/D/YYYY;;;;Journée : 20€;Non;Débutant;;;
;;6/D/YYYY;;;;Journée : 20€;Non;Débutant +;;;
;;6/D/YYYY;;;;Etudiant : 50€;Oui;Débutant;;A pris une journée à la base donc chèque de 30€ seulement;
;;6/D/YYYY;;;;Journée : 20€;Non;Débutant;;;
;;6/D/YYYY;;;;Adulte : 80€;oui;Perf;Non;chq reglement + Caution ok le 5/07;
;;6/D/YYYY;;;;Adulte : 80€;Oui;Débutant +;;;
;;6/D/YYYY;;;;Adulte : 80€;Oui;Débutant;;;
;;6/D/YYYY;;;;Journée : 20€;Non;Funboard;;;
;;6/D/YYYY;;;;Adulte : 80€;Non;;;REGLER;
;;6/D/YYYY;;;;Journée : 20€;Non;débutant;Non;;
;;6/D/YYYY;;;;Adulte : 80€;Oui;Débutant;Non;Réglé;
;;6/D/YYYY;;;;Journée : 20€;non;Débutant;;;
;;6/D/YYYY;;;;Journée : 20€;non;Débutant;;;
;;6/D/YYYY;;;;Adulte : 80€;Non;Débutant;;;
;;6/D/YYYY;;;;Adulte : 80€;Oui;Débutant;;;
;;6/D/YYYY;;;;Adulte : 80€;oui;perf;;réglé;
;;6/D/YYYY;;;;Etudiant : 50€;Non;Perf;non;manque caution et 10 euros: A. J. gere le coup;
;;6/D/YYYY;;;;Journée : 20€;Non;Débutant;;;
;;7/D/YYYY;;;;Adulte : 80€;OUI;Funboard;oui;Journée 20e + adhesion 60e;
;;7/D/YYYY;;;;Etudiant : 50€;oui;Funboard;oui;chq reglement + Caution ok le 5/07;
;;7/D/YYYY;;;;Etudiant : 50€;oui;Débutant;non;;
;;7/D/YYYY;;;;Journée : 20€;non;Débutant;;;
;;7/D/YYYY;;;;Journée : 20€;Non;Débutant;Non;;
;;12/D/YYYY;;;;Journée : 20€;;Perf;;;
;;;;;;Journée : 20€;;Débutant +;;;
;;7/D/YYYY;;;;Adulte : 80€;Oui;Débutant +;;;
;;7/D/YYYY;;;;Etudiant : 50€;Oui;Funboard;;;
;;7/D/YYYY;;;;Adulte : 80€;Oui;Funboard;;;
;;7/D/YYYY;;;;Adulte : 80€;Non;Funboard;;;
;;7/D/YYYY;;;;Journée : 20€;;Débutant;;;
;;7/D/YYYY;;;;Journée : 20€;non;Débutant;;;
;;7/D/YYYY;;;;Journée : 20€;non;;;;
;;7/D/YYYY;;;;Adulte : 80€;Oui;Débutant;;Reglement + caution le 25/07;
;;7/D/YYYY;;;;Adulte : 80€;oui;Débutant +;;;
;;7/D/YYYY;;;;Etudiant : 50€;Non;Débutant +;Non;Complément 30 € ;
;;7/D/YYYY;;;;Etudiant : 50€;Non;Funboard;;manque caution;
;;7/D/YYYY;;;;Etudiant : 50€;Oui;Débutant;;;
;;7/D/YYYY;;;;Adulte : 80€;oui;Débutant;;;
;;7/D/YYYY;;;;Etudiant : 50€;Non;Funboard;;Caution à venir prochaine fois;
;;7/D/YYYY;;;;Journée : 20€;;Perf;;Alix va payer;
;;7/D/YYYY;;;;Journée : 20€;;Débutant;;Alix va payer;
;;7/D/YYYY;;;;Journée : 20€;Non;Débutant;;;
;;7/D/YYYY;;;;Journée : 20€;;Débutant;;;
;;7/D/YYYY;;;;Journée : 20€;;Débutant;;Laura va payer VRT;
;;7/D/YYYY;;;;Journée : 20€;;Débutant;;Laura va payer VRT;
;;7/D/YYYY;;;;Adulte : 80€;Oui;Débutant;;;
;;7/D/YYYY;;;;Etudiant : 50€;Oui;Débutant;;;
;;7/D/YYYY;;;;Journée : 20€;Non;Débutant;;paiement ok ;
;;7/D/YYYY;;;;Journée : 20€;Non;Débutant;;paiement ok ;
;;7/D/YYYY;;;;Journée : 20€;;perf;;;
;;7/D/YYYY;;;;Journée : 20€;;Débutant +;;;
;;7/D/YYYY;;;;journée : 20€;;Débutant +;;;
;;7/D/YYYY;;;;Journée : 20€;Non;Funboard;;;
 ;;7/D/YYYY;;;;Journée : 20€;;Perf;;paiement;
;;7/D/YYYY;;;;Journée : 20€;;perf;;adhesion reste 60 a payer;
;;8/D/YYYY;;;;Journée : 20€;;Débutant;;;
;;8/D/YYYY;;;;Adulte : 80€;Oui;Débutant +;;;
;;8/D/YYYY;;;;Etudiant : 50€;Oui;Débutant;;;
;;8/D/YYYY;;;;Journée : 20€;Non;Débutant +;Non;paiment par , 2 journées à 20euros;
;;8/D/YYYY;;;;Etudiant : 50€;Non;Funboard;Oui;sans caution;
;;8/D/YYYY;;;;Adulte : 80€;Non;Débutant;Non;Caution pas faite !!!;
;;8/D/YYYY;;;;Adulte : 80€;Non;Débutant;Non;Caution pas faite !!!;
;;8/D/YYYY;;;;Journée : 20€;Non;Débutant;Non;Parrainage C;
;;8/D/YYYY;;;;Famille : 120€;Oui;Funboard;Oui;;
;;8/D/YYYY;;;;Famille : 120€;Oui;Débutant;Non;;
;;8/D/YYYY;;;;Journée : 20€;Oui;Débutant;Non;;
;;8/D/YYYY;;;;Journée : 20€;Oui;Débutant;Non;;
;;8/D/YYYY;;;;Etudiant : 50€;Oui;Funboard;Non;;
;;8/D/YYYY;;;;Journée : 20€;Non;Débutant +;Non;Parrainage M;
;;8/D/YYYY;;;;;;;;Parrainage B et B - paiement par 2, un chèque 40 €;
;;8/D/YYYY;;;;;;;;Parrainage B et B;
;;8/D/YYYY;;;;Etudiant : 50€;Oui;Funboard;;;
;;8/D/YYYY;;;;Journée : 20€;Non;Débutant;Non;;
;;8/D/YYYY;;;;Journée : 20€;Non;Perf;Oui;;
;;8/D/YYYY;;;;Journée : 20€;Non;Perf;Non;Journée parrainage S I;
;;9/D/YYYY;;;;Journée : 20€;Non;;;Parainage E;
;;9/D/YYYY;;;;Journée : 20€;Non;;;Parainage E;
;;9/D/YYYY;;;;Journée : 20€;Non;Débutant;;Parainage H;
;;9/D/YYYY;;;;Journée : 20€;Non;Débutant;;;
;;9/D/YYYY;;;;Journée : 20€;Non;Funboard;oui;Parainage A;
;;9/D/YYYY;;;;Journée : 20€;Non;;;Parainage G;
