;Ouverture;Qui;Grément;Flotteur;Harnais;Combi;oui;Remarques;;;;
;5/D/YYYY;Nom prénom adhérent;GF13 Gun Sails Mission Surface 6,9m2;RRD 120l Num 2;Non;Non;;GF13 & RRD 2;;;;
;5/D/YYYY;Nom prénom adhérent;GF17 Gun Sails Torro Surface 6,6m2;Techno 133 133l Num 2;oui;oui;;;;;;
;5/D/YYYY;Nom prénom adhérent;GF31 Ezzy Wave Surface 5m2;Guru 135l Num 1;oui;oui;Oui;;;;;
;5/D/YYYY;Nom prénom adhérent;;;;;;;;;;
;5/D/YYYY;Nom prénom adhérent;GF51 Loft Sails LIP Surface 3,9m2;Beach 175l Num 1;;;;;;;;
;5/D/YYYY;Nom prénom adhérent;;Techno 283 152l Num 1;;;;;;;;
;5/D/YYYY;Nom prénom adhérent;GF47 North Zeta Surface 4m2;Techno 283 152l Num 2;;;;;;;;
;5/D/YYYY;Nom prénom adhérent;GF44 North Spectro Surface 4,5m2;Techno 283 152l Num 3;;;;;;;;
;5/D/YYYY;Nom prénom adhérent;GF19 Neilpryde V8 Surface 7,1m2;Hawk 123l Num 1;Oui;Non;;;;;;
;5/D/YYYY;Nom prénom adhérent;GF47 North Zeta Surface 4m2;Techno 283 152l Num 1;;Oui;;;;;;
;5/D/YYYY;Nom prénom adhérent;GF69 Simmer  Spark Surface 4,5m2 Réservé bon niveau;Techno 273 125l Num 1;oui;;;;;;;
;5/D/YYYY;Nom prénom adhérent;GF67 Gun Sails Mission Surface 8m2;;;;;;;;;
;5/D/YYYY;Nom prénom adhérent;GF7 Gun Sails Torro Surface 5,7m2;RRD 120l Num 2;Non;Non;;;;;;
;5/D/YYYY;Nom prénom adhérent;GF62 Neilpryde V6 Surface 6m2 Réservé bon niveau;Techno E-large 135l Num ;oui;oui;;;;;;
;9/D/YYYY;Nom prénom adhérent;GF19 Neilpryde V8 Surface 7,1m2;Hawk 123l Num 1;;;;;;;;
;5/D/YYYY;Nom prénom adhérent;GF10 Gun Sails Beat Surface 5,3m2;Guru 135l Num 1;Oui;Non;;;;;;
;5/D/YYYY;Nom prénom adhérent;GF12 Gaastra Pilot Surface 6m2;Super Cross 106l Num ;Non;non;;;;;;
;5/D/YYYY;Nom prénom adhérent;GF20 Neilpryde V6 Surface 6m2;RRD 120l Num 2;Oui;Oui;;;;;;
;5/D/YYYY;Nom prénom adhérent;GF100 enfant Gun Sails Dragon Surface 3,6m2;Beach 175l Num 4;Non;Oui;;Derive perdu;;;;
;5/D/YYYY;Nom prénom adhérent;GF17 Gun Sails Torro Surface 6,6m2;Techno E-large 135l Num ;;;;;;;;
;5/D/YYYY;Nom prénom adhérent;GF55 Gun Sails Hammer Surface 4m2;Techno 283 152l Num 1;Oui;Oui;;;;;;
;5/D/YYYY;Nom prénom adhérent;GF9 Moove Yes Surface 5,5m2;Techno 273 125l Num 1;Oui;Oui;;;;;;
;5/D/YYYY;Nom prénom adhérent;GF7 Gun Sails Torro Surface 5,7m2;Techno 112 112l Num 2;Non;Non;;Echange avec GF17 - voile troué panneau supérieur - répa temporaire au scotch;;;;
;5/D/YYYY;Nom prénom adhérent;GF4 North Prisma Surface 6m2;;;;;;;;;
;5/D/YYYY;Nom prénom adhérent;GF47 North Zeta Surface 4m2;Beach 175l Num 1;Oui;Non;;;;;;
;5/D/YYYY;Nom prénom adhérent;GF33 Air Foil Wave Surface 4,6m2;Beach 175l Num 6;;Oui;;;;;;
;5/D/YYYY;Nom prénom adhérent;GF31 Ezzy Wave Surface 5m2;Beach 175l Num 5;;Oui;;;;;;
;5/D/YYYY;Nom prénom adhérent;GF7 Gun Sails Torro Surface 5,7m2;Techno 283 152l Num 3;Oui;Oui;;;;;;
;5/D/YYYY;Nom prénom adhérent;GF70 Gaastra Remedy Surface 5,2m2 Réservé bon niveau;Techno 273 125l Num 2;;;;;;;;
;5/D/YYYY;Nom prénom adhérent;GF1 Gun Sails Torro Surface 5,7m2;Techno 112 112l Num 2;Oui;Non;;;;;;
;5/D/YYYY;Nom prénom adhérent;GF43 North Spectro Surface 5m2;Techno 283 152l Num 1;Non;Non;;;;;;
;5/D/YYYY;Nom prénom adhérent;GF73 Gaastra  Surface 7m2;Hawk 123l Num 1;Oui;Oui;;Rep au scotch avant de partir à l'eau (panneau intermédiaire);;;;
;5/D/YYYY;Nom prénom adhérent;GF13 Gun Sails Mission Surface 6,9m2;RRD 120l Num 2;Oui;Oui;;;;;;
;5/D/YYYY;Nom prénom adhérent;GF17 Gun Sails Torro Surface 6,6m2;Guru 135l Num 1;Oui;Oui;;Trou dans le deuxième panneau par A à cause des cailloux, rep au scotch;;;;
;;Nom prénom adhérent;GF9 Moove Yes Surface 5,5m2;Techno 273 125l Num 2;;;;;;;;
;;Nom prénom adhérent;GF13 Gun Sails Mission Surface 6,9m2;Hawk 123l Num 1;;;;;;;;
;;Nom prénom adhérent;GF13 Gun Sails Mission Surface 6,9m2;Foil -RRD  120l Num 1;Non;Non;;;;;;
;;Nom prénom adhérent;GF9 Moove Yes Surface 5,5m2;Score 99l Num 2;Oui;Non;;;;;;
;;Nom prénom adhérent;GF31 Ezzy Wave Surface 5m2;Techno 273 125l Num 2;;;;;;;;
;;Nom prénom adhérent;GF7 Gun Sails Torro Surface 5,7m2;Freestyle Pro 100l Num ;Oui;;;;;;;
;;Nom prénom adhérent;GF48 Maui Legend Surface 4m2 Réservé bon niveau;Beach 175l Num 3;Non;;;;;;;
;;Nom prénom adhérent;GF47 North Zeta Surface 4m2;Techno 273 125l Num 1;oui;oui;Oui;;;;;
;;Nom prénom adhérent;GF51 Loft Sails LIP Surface 3,9m2;Beach 175l Num 6;non;oui;;;;;;
;;Nom prénom adhérent;GF7 Gun Sails Torro Surface 5,7m2;;Non;Oui;Oui;;;;;
;;Nom prénom adhérent;GF100 enfant Gun Sails Dragon Surface 3,6m2;Techno 283 152l Num 3;oui;oui;;;;;;
;;Nom prénom adhérent;GF56 Simmer Surflite Surface 3,4m2;Beach 175l Num 5;Non;Oui;Oui;;;;;
;;Nom prénom adhérent;GF46 North Zeta Surface 4,2m2;Beach 175l Num 1;Non;Oui;Oui;;;;;
;;Nom prénom adhérent;GF55 Gun Sails Hammer Surface 4m2;Techno 283 152l Num 6;Oui;Non;;;;;;
;;Nom prénom adhérent;GF13 Gun Sails Mission Surface 6,9m2;Hawk 123l Num 1;;;;;;;;
;;Nom prénom adhérent;GF20 Neilpryde V6 Surface 6m2;RRD 120l Num 2;Oui;Oui;;;;;;
;6/D/YYYY;Nom prénom adhérent;GF10 Gun Sails Beat Surface 5,3m2;Freestyle Pro 100l Num ;Non;Non;Oui;;;;;
;6/D/YYYY;Nom prénom adhérent;GF100 enfant Gun Sails Dragon Surface 3,6m2;Beach 175l Num 6;Non;Oui;Oui;;;;;
;6/D/YYYY;Nom prénom adhérent;GF31 Ezzy Wave Surface 5m2;Techno 133 133l Num 2;Non;Oui;Oui;;;;;
;6/D/YYYY;Nom prénom adhérent;GF9 Moove Yes Surface 5,5m2;Hawk 123l Num 1;oui;non;;;;;;
;6/D/YYYY;Nom prénom adhérent;GF20 Neilpryde V6 Surface 6m2;Guru 135l Num 1;Non;Non;Oui;;;;;
;6/D/YYYY;Nom prénom adhérent;GF71 North Style Surface 5m2 Réservé bon niveau;Techno 133 133l Num 2;oui;oui;Oui;;;;;
;;Nom prénom adhérent;GF10 Gun Sails Beat Surface 5,3m2;Freestyle Pro 100l Num ;oui;oui;;;;;;
;;Nom prénom adhérent;GF51 Loft Sails LIP Surface 3,9m2;Beach 175l Num 1;non;oui;;;;;;
;;Nom prénom adhérent;GF56 Simmer Surflite Surface 3,4m2;Beach 175l Num 2;non;non;;;;;;
;6/D/YYYY;Nom prénom adhérent;GF100 enfant Gun Sails Dragon Surface 3,6m2;Beach 175l Num 4;Non;Oui;Oui;;;;;
;6/D/YYYY;Nom prénom adhérent;GF69 Simmer  Spark Surface 4,5m2 Réservé bon niveau;Score 99l Num 1;Non;Non;;JP pro edition;;;;
;6/D/YYYY;Nom prénom adhérent;GF55 Gun Sails Hammer Surface 4m2;Falcon 102l Num ;Oui;Oui;;;;;;
;6/D/YYYY;Nom prénom adhérent;GF48 Maui Legend Surface 4m2 Réservé bon niveau;Super Cross 106l Num ;Oui;Non;;;;;;
;6/D/YYYY;Nom prénom adhérent;GF10 Gun Sails Beat Surface 5,3m2;Techno 112 112l Num 1;Non;Oui;;;;;;
;6/D/YYYY;Nom prénom adhérent;GF5 Neilpryde Wavepro Surface 5,2m2;Techno 133 133l Num 2;Oui;Oui;;;;;;
;6/D/YYYY;Nom prénom adhérent;GF100 enfant Gun Sails Dragon Surface 3,6m2;Beach 175l Num 1;Non;non;Oui;;;;;
;6/D/YYYY;Nom prénom adhérent;GF71 North Style Surface 5m2 Réservé bon niveau;Evolution 360 l Num ;Non;Non;Oui;;;;;
;6/D/YYYY;Nom prénom adhérent;;Beach 175l Num 6;Non;Oui;Oui;;;;;
;6/D/YYYY;Nom prénom adhérent;GF13 Gun Sails Mission Surface 6,9m2;Guru 135l Num 1;Oui;Non;Oui;;;;;
;6/D/YYYY;Nom prénom adhérent;GF13 Gun Sails Mission Surface 6,9m2;Guru 135l Num 1;Non;Oui;oui;;;;;
;6/D/YYYY;Nom prénom adhérent;GF31 Ezzy Wave Surface 5m2;Techno 283 152l Num 1;Non;Oui;oui;;;;;
;6/D/YYYY;Nom prénom adhérent;GF31 Ezzy Wave Surface 5m2;Techno 283 152l Num 1;Non;Oui;oui;;;;;
;6/D/YYYY;Nom prénom adhérent;GF31 Ezzy Wave Surface 5m2;Techno 273 125l Num 2;Oui;Non;oui;;;;;
;6/D/YYYY;Nom prénom adhérent;GF13 Gun Sails Mission Surface 6,9m2;Techno 133 133l Num 2;Oui;Oui;oui;;;;;
;6/D/YYYY;Nom prénom adhérent;GF51 Loft Sails LIP Surface 3,9m2;Beach 175l Num 6;;oui;;2 combi;;;;
;6/D/YYYY;Nom prénom adhérent;GF48 Maui Legend Surface 4m2 Réservé bon niveau;Beach 175l Num 3;;oui;;2 combi;;;;
;6/D/YYYY;Nom prénom adhérent;GF55 Gun Sails Hammer Surface 4m2;Beach 175l Num 5;;oui;;2 combi;;;;
;6/D/YYYY;Nom prénom adhérent;GF17 Gun Sails Torro Surface 6,6m2;Techno E-large 135l Num ;oui;;;;;;;
;6/D/YYYY;Nom prénom adhérent;GF33 Air Foil Wave Surface 4,6m2;Techno 283 152l Num 1;oui;oui;Oui;;;;;
;6/D/YYYY;Nom prénom adhérent;GF47 North Zeta Surface 4m2;Evolution 360 l Num ;Oui;Oui;Oui;;;;;
;16/06.2019;Nom prénom adhérent;GF12 Gaastra Pilot Surface 6m2;Techno 283 152l Num 5;Non;Non;Oui;;;;;
;16/06.2019;Nom prénom adhérent;GF20 Neilpryde V6 Surface 6m2;Techno 273 125l Num 1;Oui;Oui;Oui;;;;;
;6/D/YYYY;Nom prénom adhérent;GF69 Simmer  Spark Surface 4,5m2 Réservé bon niveau;Beach 175l Num 4;Non;Non;Oui;;;;;
;6/D/YYYY;Nom prénom adhérent;GF7 Gun Sails Torro Surface 5,7m2;Falcon 102l Num ;Oui;Non;Oui;;;;;
;6/D/YYYY;Nom prénom adhérent;GF60 Gun Sails Rapid Surface 7,2m2;Techno E-large 135l Num ;Oui;Non;Oui;;;;;
;6/D/YYYY;Nom prénom adhérent;GF71 North Style Surface 5m2 Réservé bon niveau;Techno 283 152l Num 3;Oui;Oui;Oui;;;;;
;6/D/YYYY;Nom prénom adhérent;GF15 North Sails S Type Surface 7,8m2;Foil -RRD  120l Num 1;Non;Non;Oui;Pied de mat usé (à changer);;;;
;6/D/YYYY;Nom prénom adhérent;GF73 Gaastra  Surface 7m2;Inspiro 158l Num ;Oui;Non;Oui;;;;;
;6/D/YYYY;Nom prénom adhérent;;;;;;;;;;
;6/D/YYYY;Nom prénom adhérent;GF100 enfant Gun Sails Dragon Surface 3,6m2;Beach 175l Num 5;oui;;Oui;;;;;
;6/D/YYYY;Nom prénom adhérent;;;;;oui;Paggaie;;;;
;6/D/YYYY;Nom prénom adhérent;GF31 Ezzy Wave Surface 5m2;Techno 273 125l Num 1;oui;;Oui;;;;;
;6/D/YYYY;Nom prénom adhérent;;;oui;;Oui;Propre Matoss;;;;
;6/D/YYYY;Nom prénom adhérent;GF12 Gaastra Pilot Surface 6m2;Techno E-large 135l Num ;Non;Non;Oui;;;;;
;6/D/YYYY;Nom prénom adhérent;GF71 North Style Surface 5m2 Réservé bon niveau;Techno 283 152l Num 3;Oui;Oui;;;;;;
;6/D/YYYY;Nom prénom adhérent;GF20 Neilpryde V6 Surface 6m2;Techno 133 133l Num 2;oui;oui;;;;;;
;6/D/YYYY;Nom prénom adhérent;GF12 Gaastra Pilot Surface 6m2;Foil -RRD  120l Num 1;Non;Non;;;;;;
;6/D/YYYY;Nom prénom adhérent;GF15 North Sails S Type Surface 7,8m2;RRD 120l Num 2;;;;;;;;
;6/D/YYYY;Nom prénom adhérent;;Techno E-large 135l Num ;;;;;;;;
;6/D/YYYY;Nom prénom adhérent;;Techno 133 133l Num 2;;;;;;;;
;6/D/YYYY;Nom prénom adhérent;GF13 Gun Sails Mission Surface 6,9m2;Guru 135l Num 1;Non;Non;;;;;;
;6/D/YYYY;Nom prénom adhérent;GF68 Neilpryde V8 Surface 9,8m2;Foil -RRD  120l Num 1;OUi;Non;;;;;;
;6/D/YYYY;Nom prénom adhérent;GF12 Gaastra Pilot Surface 6m2;Techno 283 152l Num 1;Non;Oui;;;;;;
;6/D/YYYY;Nom prénom adhérent;GF69 Simmer  Spark Surface 4,5m2 Réservé bon niveau;Beach 175l Num 6;NON;NON;;PAGGAIE;;;;
;6/D/YYYY;Nom prénom adhérent;GF6 Gun Sails Torro Surface 5,7m2;Techno E-large 135l Num ;oui;non;;;;;;
;6/D/YYYY;Nom prénom adhérent;GF13 Gun Sails Mission Surface 6,9m2;Techno 133 133l Num 2;Oui;Oui;;;;;;
;6/D/YYYY;Nom prénom adhérent;GF7 Gun Sails Torro Surface 5,7m2;Guru 135l Num 1;Oui;Oui;;;;;;
;6/D/YYYY;Nom prénom adhérent;GF61 Gun Sails Rapid Surface 7,2m2;RRD 120l Num 2;Oui;Oui;;A INTERROGER POUR LE PETE SUR LA RRD ;;;;
;6/D/YYYY;Nom prénom adhérent;GF73 Gaastra  Surface 7m2;Foil -RRD  120l Num 1;Non;Non;;;;;;
;6/D/YYYY;Nom prénom adhérent;GF20 Neilpryde V6 Surface 6m2;Techno 112 112l Num 2;Oui;Non;;;;;;
;6/D/YYYY;Nom prénom adhérent;GF41 Bob Noname Surface 4,5m2;Evolution 360 l Num ;Non;Oui;;;;;;
;6/D/YYYY;Nom prénom adhérent;GF1 Gun Sails Torro Surface 5,7m2;Techno 133 133l Num 2;Oui;Non;;;;;;
;6/D/YYYY;Nom prénom adhérent;GF7 Gun Sails Torro Surface 5,7m2;Techno 283 152l Num 1;Oui;Non;;;;;;
;6/D/YYYY;Nom prénom adhérent;GF16 Gun Sails Torro Surface 6,6m2;Techno 112 112l Num 3;Oui;Non;;;;;;
;6/D/YYYY;Nom prénom adhérent;GF1 Gun Sails Torro Surface 5,7m2;Techno 283 152l Num 3;Oui;Oui;;;;;;
;6/D/YYYY;Nom prénom adhérent;;;;;;;;;;
;6/D/YYYY;Nom prénom adhérent;GF15 North Sails S Type Surface 7,8m2;Foil -RRD  120l Num 1;;;;;;;;
;6/D/YYYY;Nom prénom adhérent;GF13 Gun Sails Mission Surface 6,9m2;Techno E-large 135l Num ;Non;Non;;;;;;
;6/D/YYYY;Nom prénom adhérent;GF69 Simmer  Spark Surface 4,5m2 Réservé bon niveau;Beach 175l Num 5;;;;;;;;
;6/D/YYYY;Nom prénom adhérent;GF7 Gun Sails Torro Surface 5,7m2;Techno 133 133l Num 2;Oui;oui;;;;;;
;6/D/YYYY;Nom prénom adhérent;GF48 Maui Legend Surface 4m2 Réservé bon niveau;Beach 175l Num 4;;;;;;;;
;6/D/YYYY;Nom prénom adhérent;GF100 enfant Gun Sails Dragon Surface 3,6m2;Beach 175l Num 2;Non;Oui;;;;;;
;6/D/YYYY;Nom prénom adhérent;GF51 Loft Sails LIP Surface 3,9m2;Beach 175l Num 1;Non;;;;;;;
;6/D/YYYY;Nom prénom adhérent;GF56 Simmer Surflite Surface 3,4m2;Beach 175l Num 5;Non;;;;;;;
;6/D/YYYY;Nom prénom adhérent;GF7 Gun Sails Torro Surface 5,7m2;Techno E-large 135l Num ;Oui;Oui;;;;;;
;6/D/YYYY;Nom prénom adhérent;GF61 Gun Sails Rapid Surface 7,2m2;Falcon 131l Num ;Oui;Non;;;;;;
;6/D/YYYY;Nom prénom adhérent;GF1 Gun Sails Torro Surface 5,7m2;Techno 133 133l Num 2;Oui;Oui;;;;;;
;6/D/YYYY;Nom prénom adhérent;GF73 Gaastra  Surface 7m2;Foil -RRD  120l Num 1;Non;Non;;;;;;
;6/D/YYYY;Nom prénom adhérent;GF70 Gaastra Remedy Surface 5,2m2 Réservé bon niveau;Guru 135l Num 1;oui;oui;;;;;;
;6/D/YYYY;Nom prénom adhérent;;Beach 175l Num 6;Non;Non;;GF49;;;;
;6/D/YYYY;Nom prénom adhérent;GF47 North Zeta Surface 4m2;Beach 175l Num 3;Non;Non;;;;;;
;6/D/YYYY;Nom prénom adhérent;GF55 Gun Sails Hammer Surface 4m2;Melody 300l Num 1;Non;Non;;;;;;
;6/D/YYYY;Nom prénom adhérent;GF100 enfant Gun Sails Dragon Surface 3,6m2;Beach 175l Num 2;;;;Retour OK;;;;
;6/D/YYYY;Nom prénom adhérent;GF9 Moove Yes Surface 5,5m2;Avant ride 130l Num ;;;;Retour Ok;;;;
;6/D/YYYY;Nom prénom adhérent;;Beach 175l Num 3;;;;GF49 Retour OK;;;;
;6/D/YYYY;Nom prénom adhérent;GF47 North Zeta Surface 4m2;Beach 175l Num 1;;;;Retour OK;;;;
;6/D/YYYY;Nom prénom adhérent;GF1 Gun Sails Torro Surface 5,7m2;Techno 283 152l Num 3;oui;;;Retour Ok;;;;
;6/D/YYYY;Nom prénom adhérent;GF69 Simmer  Spark Surface 4,5m2 Réservé bon niveau;Beach 175l Num 1;Non;Oui;;retour Ok;;;;
;6/D/YYYY;Nom prénom adhérent;GF7 Gun Sails Torro Surface 5,7m2;Techno 273 125l Num 3;Oui;Oui;;retour Ok ;;;;
;6/D/YYYY;Nom prénom adhérent;;Guru 135l Num 1;Non;Non;;V8 9m ;;;;
;6/D/YYYY;Nom prénom adhérent;GF15 North Sails S Type Surface 7,8m2;Foil -RRD  120l Num 1;Non;Non;;Planche suédoise après;bravo;;;
;7/D/YYYY;Nom prénom adhérent;GF61 Gun Sails Rapid Surface 7,2m2;Techno 273 125l Num 2;Non;Oui;;retour Ok;;;;
;7/D/YYYY;Nom prénom adhérent;GF1 Gun Sails Torro Surface 5,7m2;Techno 283 152l Num 1;Oui;Oui;;retour Ok;;;;
;7/D/YYYY;Nom prénom adhérent;GF17 Gun Sails Torro Surface 6,6m2;Techno 283 152l Num 2;Oui;Oui;;retour OK ;;;;
;7/D/YYYY;Nom prénom adhérent;GF61 Gun Sails Rapid Surface 7,2m2;Techno 273 125l Num 2;Oui;Oui;;reprise matos antoine  retour ok;;;;
;7/D/YYYY;Nom prénom adhérent;GF9 Moove Yes Surface 5,5m2;Guru 135l Num 1;Oui;Oui;;retour ok;;;;
;7/D/YYYY;Nom prénom adhérent;GF73 Gaastra  Surface 7m2;Foil -RRD  120l Num 1;Oui;Oui;;retour ok;;;;
;6/D/YYYY;Nom prénom adhérent;GF61 Gun Sails Rapid Surface 7,2m2;Foil -RRD  120l Num 1;oui;oui;;retour ok;;;;
;6/D/YYYY;Nom prénom adhérent;GF57 North Zeta Surface 4,2m2;Beach 175l Num 3;non;oui;;retour ok;;;;
;6/D/YYYY;Nom prénom adhérent;GF57 North Zeta Surface 4,2m2;Beach 175l Num 3;non;non;;retour ok;;;;
;6/D/YYYY;Nom prénom adhérent;GF10 Gun Sails Beat Surface 5,3m2;Techno E-large 135l Num ;non;non;;retour ok;;;;
;7/D/YYYY;Nom prénom adhérent;GF1 Gun Sails Torro Surface 5,7m2;Techno 133 133l Num 2;oui;oui;;retour ok;;;;
;7/D/YYYY;Nom prénom adhérent;GF71 North Style Surface 5m2 Réservé bon niveau;Foil -RRD  120l Num 1;oui;oui;;retour ok;;;;
;7/D/YYYY;Nom prénom adhérent;GF44 North Spectro Surface 4,5m2;Beach 175l Num 1;non;oui;;retour ok;;;;
;7/D/YYYY;Nom prénom adhérent;GF10 Gun Sails Beat Surface 5,3m2;Beach 175l Num 2;non;oui;; retour ok ;;;;
;7/D/YYYY;Nom prénom adhérent;GF57 North Zeta Surface 4,2m2;Beach 175l Num 3;non;oui;; retour ok ;;;;
;7/D/YYYY;Nom prénom adhérent;GF7 Gun Sails Torro Surface 5,7m2;Techno 112 112l Num 1;non;non;; retour ok ;;;;
;7/D/YYYY;Nom prénom adhérent;GF5 Neilpryde Wavepro Surface 5,2m2;Techno 112 112l Num 2;oui;non;; retour ok ;;;;
;7/D/YYYY;Nom prénom adhérent;GF12 Gaastra Pilot Surface 6m2;Super Cross 106l Num ;oui;oui;; retour ok ;;;;
;7/D/YYYY;Nom prénom adhérent;GF9 Moove Yes Surface 5,5m2;Techno 283 152l Num 3;Oui;Non;; retour ok ;;;;
;7/D/YYYY;Nom prénom adhérent;GF41 Bob Noname Surface 4,5m2;Techno 283 152l Num 1;Oui;Non;; retour ok ;;;;
;7/D/YYYY;Nom prénom adhérent;;Beach 175l Num 5;Non;Oui;; retour ok ;;;;
;7/D/YYYY;Nom prénom adhérent;GF7 Gun Sails Torro Surface 5,7m2;Techno 133 133l Num 2;Oui;Oui;; retour ok ;;;;
;7/D/YYYY;Nom prénom adhérent;;Beach 175l Num 3;;;;paggaie retour ok;;;;
;7/D/YYYY;Nom prénom adhérent;GF10 Gun Sails Beat Surface 5,3m2;;Oui;;;paggaie et planche tabou ok Petit trou dans le panneau central  retour ok;;;;
;7/D/YYYY;Nom prénom adhérent;GF72 Gun Sails Zoom Surface 7m2;Foil -RRD  120l Num 1;Oui;;;;;;;
;7/D/YYYY;Nom prénom adhérent;GF69 Simmer  Spark Surface 4,5m2 Réservé bon niveau;Beach 175l Num 1;;;;retour ok;;;;
;7/D/YYYY;Nom prénom adhérent;GF33 Air Foil Wave Surface 4,6m2;Beach 175l Num 2;;;;retour ok;;;;
;7/D/YYYY;Nom prénom adhérent;GF100 enfant Gun Sails Dragon Surface 3,6m2;;oui;;;retour ok;;;;
;7/D/YYYY;Nom prénom adhérent;GF7 Gun Sails Torro Surface 5,7m2;Score 99l Num 1;oui;;;retour ok;;;;
;7/D/YYYY;Nom prénom adhérent;GF12 Gaastra Pilot Surface 6m2;Super Cross 106l Num ;oui;;;retour ok;;;;
;7/D/YYYY;Nom prénom adhérent;GF1 Gun Sails Torro Surface 5,7m2;Techno 283 152l Num 3;oui;non;;retour ok;;;;
;7/D/YYYY;Nom prénom adhérent;GF9 Moove Yes Surface 5,5m2;Techno 283 152l Num 1;oui;non;;retour ok;;;;
;7/D/YYYY;Nom prénom adhérent;GF17 Gun Sails Torro Surface 6,6m2;Techno 133 133l Num 2;oui;non;;fissure panneau central…;;;;
;7/D/YYYY;Nom prénom adhérent;GF61 Gun Sails Rapid Surface 7,2m2;Techno 283 152l Num 4;non;non;; lattes cassées sur voile (avant sortie) Retour ok;;;;
;7/D/YYYY;Nom prénom adhérent;GF46 North Zeta Surface 4,2m2;Beach 175l Num 2;non;Non;;retour ok;;;;
;7/D/YYYY;Nom prénom adhérent;GF5 Neilpryde Wavepro Surface 5,2m2;Techno 283 152l Num 2;oui;oui;;retour ok;;;;
;7/D/YYYY;Nom prénom adhérent;;Falcon 131l Num ;oui;non;;voile non gree 8m retour ok;;;;
;7/D/YYYY;Nom prénom adhérent;GF51 Loft Sails LIP Surface 3,9m2;Beach 175l Num 3;oui;;;4 paggaies;;;;
;7/D/YYYY;Nom prénom adhérent;GF10 Gun Sails Beat Surface 5,3m2;Beach 175l Num 6;oui;;;retour ok;;;;
;;Nom prénom adhérent;;;;;;;;;;
;7/D/YYYY;Nom prénom adhérent;GF13 Gun Sails Mission Surface 6,9m2;Guru 135l Num 1;OUI;NON;;retour ok;;;;
;7/D/YYYY;Nom prénom adhérent;GF1 Gun Sails Torro Surface 5,7m2;Techno 283 152l Num 4;oui;non;;retour ok;;;;
;7/D/YYYY;Nom prénom adhérent;GF73 Gaastra  Surface 7m2;Foil -RRD  120l Num 1;Non;Non;;retour ok;;;;
;7/D/YYYY;Nom prénom adhérent;GF72 Gun Sails Zoom Surface 7m2;Avant ride 130l Num ;Oui;Non;;retour ok;;;;
;7/D/YYYY;Nom prénom adhérent;GF12 Gaastra Pilot Surface 6m2;Techno 283 152l Num 3;oui;non;;retour ok;;;;
;7/D/YYYY;Nom prénom adhérent;GF70 Gaastra Remedy Surface 5,2m2 Réservé bon niveau;Evolution 360 l Num ;non;non;;retour ok;;;;
;7/D/YYYY;Nom prénom adhérent;GF57 North Zeta Surface 4,2m2;Beach 175l Num 5;oui;non;;retour ok;;;;
;;Nom prénom adhérent;GF61 Gun Sails Rapid Surface 7,2m2;Techno 283 152l Num 5;non;non;;;;;;
;7/D/YYYY;Nom prénom adhérent;GF73 Gaastra  Surface 7m2;Foil -RRD  120l Num 1;Oui;Non;;retour ok;;;;
;7/D/YYYY;Nom prénom adhérent;;Techno 283 152l Num 6;Non;Non;;GF 49 (pas référencée!) / retour ok;;;;
;7/D/YYYY;Nom prénom adhérent;GF13 Gun Sails Mission Surface 6,9m2;Foil -RRD  120l Num 1;Oui;Non;;retour ok;;;;
;7/D/YYYY;Nom prénom adhérent;GF55 Gun Sails Hammer Surface 4m2;Techno 283 152l Num 6;Non;oui;;retour ok;;;;
;7/D/YYYY;Nom prénom adhérent;GF69 Simmer  Spark Surface 4,5m2 Réservé bon niveau;Beach 175l Num 2;Non;oui;;retour ok;;;;
;7/D/YYYY;Nom prénom adhérent;GF100 enfant Gun Sails Dragon Surface 3,6m2;Beach 175l Num 2;Non;Oui;;retour ok;;;;
;7/D/YYYY;Nom prénom adhérent;GF1 Gun Sails Torro Surface 5,7m2;Beach 175l Num 4;Oui;Oui;;retour ok;;;;
;7/D/YYYY;Nom prénom adhérent;GF1 Gun Sails Torro Surface 5,7m2;Evolution 360 l Num ;Non;Non;;retour ok;;;;
;7/D/YYYY;Nom prénom adhérent;GF13 Gun Sails Mission Surface 6,9m2;Guru 135l Num 1;Non;Non;;retour ok;;;;
;7/D/YYYY;Nom prénom adhérent;GF100 enfant Gun Sails Dragon Surface 3,6m2;Beach 175l Num 6;Non;oui;;retour ok;;;;
;7/D/YYYY;Nom prénom adhérent;GF12 Gaastra Pilot Surface 6m2;Techno 133 133l Num 2;OUI;Non;;retour ok;;;;
;7/D/YYYY;Nom prénom adhérent;GF1 Gun Sails Torro Surface 5,7m2;Beach 175l Num 4;Oui;Oui;;;;;;
;7/D/YYYY;Nom prénom adhérent;GF13 Gun Sails Mission Surface 6,9m2;Techno 273 125l Num 2;Oui;Non;;Retour ok;;;;
;7/D/YYYY;Nom prénom adhérent;GF56 Simmer Surflite Surface 3,4m2;Natural 140l Num ;Non;Oui;;Retour ok;;;;
;7/D/YYYY;Nom prénom adhérent;GF47 North Zeta Surface 4m2;Beach 175l Num 1;non;oui;;retour ok;;;;
;7/D/YYYY;Nom prénom adhérent;GF33 Air Foil Wave Surface 4,6m2;Techno 273 125l Num 1;oui;oui;;retour ok;;;;
;7/D/YYYY;Nom prénom adhérent;GF12 Gaastra Pilot Surface 6m2;Freestyle Pro 100l Num ;oui;non;;retour ok;;;;
;7/D/YYYY;Nom prénom adhérent;GF69 Simmer  Spark Surface 4,5m2 Réservé bon niveau;Techno 133 133l Num 2;oui;oui;;;;;;
;7/D/YYYY;Nom prénom adhérent;GF59 Arrows Impact Surface 3,6m2;Beach 175l Num 1;Non;Non;;;;;;
;7/D/YYYY;Nom prénom adhérent;GF13 Gun Sails Mission Surface 6,9m2;Guru 135l Num 1;Oui;Non;;Retour OK!;;;;
;7/D/YYYY;Nom prénom adhérent;GF7 Gun Sails Torro Surface 5,7m2;Techno 283 152l Num 6;Oui;Non;;Retour OK!;;;;
;7/D/YYYY;Nom prénom adhérent;GF51 Loft Sails LIP Surface 3,9m2;Beach 175l Num 3;Non;Non;;Retour OK!;;;;
;7/D/YYYY;Nom prénom adhérent;GF41 Bob Noname Surface 4,5m2;Techno 283 152l Num 1;Oui;Non;;retour ok sauf que la late la plus en bas de la GF41 ressort;;;;
;7/D/YYYY;Nom prénom adhérent;;Falcon 131l Num ;oui;non;;voile non gree 8m retour ok;;;;
;7/D/YYYY;Nom prénom adhérent;GF10 Gun Sails Beat Surface 5,3m2;Techno 273 125l Num 2;oui;non;;Retour OK!;;;;
;7/D/YYYY;Nom prénom adhérent;GF18 Gun Sails Cannonball Surface 6,5m2;Super Cross 106l Num ;Non;Non;;Retour OK!;;;;
;7/D/YYYY;Nom prénom adhérent;GF60 Gun Sails Rapid Surface 7,2m2;Natural 140l Num ;Oui;NOn;;Retour OK!;;;;
;7/D/YYYY;Nom prénom adhérent;;Foil -RRD  120l Num 1;Non;Non;;7m  north non grée retour ok;;;;
;7/D/YYYY;Nom prénom adhérent;GF13 Gun Sails Mission Surface 6,9m2;Natural 140l Num ;Non;Non;;Retour OK!;;;;
;7/D/YYYY;Nom prénom adhérent;GF73 Gaastra  Surface 7m2;;Non;Non;;Foil Pryde Retour ok;;;;
;7/D/YYYY;Nom prénom adhérent;GF41 Bob Noname Surface 4,5m2;Beach 175l Num 5;non;non;;Retour OK!;;;;
;11/072019;Nom prénom adhérent;GF12 Gaastra Pilot Surface 6m2;Techno E-large 135l Num ;Non;oui;;;;;;
;7/D/YYYY;Nom prénom adhérent;GF7 Gun Sails Torro Surface 5,7m2;Techno 273 125l Num 2;Oui;Non;;Retour OK;;;;
;7/D/YYYY;Nom prénom adhérent;GF13 Gun Sails Mission Surface 6,9m2;Score 99l Num 1;Oui;Non;;Retour OK;;;;
;7/D/YYYY;Nom prénom adhérent;GF9 Moove Yes Surface 5,5m2;Techno 133 133l Num 2;Oui;Non;;Retour OK;;;;
;7/D/YYYY;Nom prénom adhérent;GF69 Simmer  Spark Surface 4,5m2 Réservé bon niveau;Beach 175l Num 4;Non;Non;;Retour OK;;;;
;7/D/YYYY;Nom prénom adhérent;GF7 Gun Sails Torro Surface 5,7m2;Techno E-large 135l Num ;oui;non;;Retour OK;;;;
;7/D/YYYY;Nom prénom adhérent;GF13 Gun Sails Mission Surface 6,9m2;Foil -RRD  120l Num 1;Non;non;;Retour OK;;;;
;7/D/YYYY;Nom prénom adhérent;GF100 enfant Gun Sails Dragon Surface 3,6m2;;Oui;Oui;;Retour OK;;;;
;7/D/YYYY;Nom prénom adhérent;GF3 Gun Sails Torro Surface 5,7m2;Super Cross 106l Num ;;;;Retour OK;;;;
;7/D/YYYY;Nom prénom adhérent;GF12 Gaastra Pilot Surface 6m2;Techno E-large 135l Num ;Oui;Non;;Retour OK;;;;
;7/D/YYYY;Nom prénom adhérent;GF5 Neilpryde Wavepro Surface 5,2m2;;Non;Oui;;retour ok;;;;
;7/D/YYYY;Nom prénom adhérent;GF31 Ezzy Wave Surface 5m2;Guru 135l Num 1;oui;oui;;retour ok;;;;
;7/D/YYYY;Nom prénom adhérent;GF45 Pryde Raf Surface 4,5m2;Beach 175l Num 1;Oui;Oui;;Retour OK;;;;
;7/D/YYYY;Nom prénom adhérent;GF55 Gun Sails Hammer Surface 4m2;Beach 175l Num 4;Non;Oui;;;;;;
;7/D/YYYY;Nom prénom adhérent;GF69 Simmer  Spark Surface 4,5m2 Réservé bon niveau;Techno 273 125l Num 1;Oui;Oui;;;;;;
;7/D/YYYY;Nom prénom adhérent;GF43 North Spectro Surface 5m2;Techno 283 152l Num 6;Oui;Non;;Retour OK;;;;
;7/D/YYYY;Nom prénom adhérent;GF51 Loft Sails LIP Surface 3,9m2;Beach 175l Num 5;Non;Oui;;;;;;
;7/D/YYYY;Nom prénom adhérent;GF10 Gun Sails Beat Surface 5,3m2;Warpig 100l Num ;Oui;Non;;Retour OK;;;;
;7/D/YYYY;Nom prénom adhérent;GF47 North Zeta Surface 4m2;Beach 175l Num 6;Non;Oui;;Retour OK;;;;
;7/D/YYYY;Nom prénom adhérent;GF47 North Zeta Surface 4m2;Beach 175l Num 2;non;oui;;Retour OK;;;;
;7/D/YYYY;Nom prénom adhérent;GF48 Maui Legend Surface 4m2 Réservé bon niveau;Techno 273 125l Num 2;non;oui;;Retour OK;;;;
;7/D/YYYY;Nom prénom adhérent;GF71 North Style Surface 5m2 Réservé bon niveau;Techno 133 133l Num 2;oui;non;;Retour OK;;;;
;7/D/YYYY;Nom prénom adhérent;GF100 enfant Gun Sails Dragon Surface 3,6m2;;oui;Oui;;Retour OK;;;;
;7/D/YYYY;Nom prénom adhérent;GF71 North Style Surface 5m2 Réservé bon niveau;;oui;;;retour ok;;;;
;7/D/YYYY;Nom prénom adhérent;GF9 Moove Yes Surface 5,5m2;Foil -RRD  120l Num 1;;;;retour Ok;;;;
;7/D/YYYY;Nom prénom adhérent;GF13 Gun Sails Mission Surface 6,9m2;Super Cross 106l Num ;OUI;NON;;retour ok;;;;
;7/D/YYYY;Nom prénom adhérent;GF69 Simmer  Spark Surface 4,5m2 Réservé bon niveau;Techno 133 133l Num 2;Oui;OUI;;Retour OK;;;;
;7/D/YYYY;Nom prénom adhérent;;;Oui;;;Neilpryde V8 9m2 + Planche suedoise;;;;
;7/D/YYYY;Nom prénom adhérent;GF61 Gun Sails Rapid Surface 7,2m2;Inspiro 158l Num ;Oui;Non;;un strap était mal fixé (manque une vis) retour OK;;;;
;7/D/YYYY;Nom prénom adhérent;GF73 Gaastra  Surface 7m2;Techno 112 112l Num 1;Oui;Non;;Retour OK;;;;
;7/D/YYYY;Nom prénom adhérent;GF13 Gun Sails Mission Surface 6,9m2;Super Cross 106l Num ;Non;Non;;Ok;;;;
;7/D/YYYY;Nom prénom adhérent;GF1 Gun Sails Torro Surface 5,7m2;Freestyle Pro 100l Num ;Non;Non;;retour ok;;;;
;7/D/YYYY;Nom prénom adhérent;GF7 Gun Sails Torro Surface 5,7m2;Score 99l Num 2;Oui;non;;ok;;;;
;7/D/YYYY;Nom prénom adhérent;GF73 Gaastra  Surface 7m2;;Oui;Non;;planche suédoise, retour ok;;;;
;;Nom prénom adhérent;GF70 Gaastra Remedy Surface 5,2m2 Réservé bon niveau;Freestyle Pro 100l Num ;;;;Retour OK;;;;
;7/D/YYYY;Nom prénom adhérent;GF10 Gun Sails Beat Surface 5,3m2;Guru 135l Num 1;oui;non;;Retour Ok;;;;
;;Nom prénom adhérent;;;;;;;;;;
;16/17/2019;Nom prénom adhérent;GF69 Simmer  Spark Surface 4,5m2 Réservé bon niveau;Techno 283 152l Num 3;oui;oui;;parrainé par maelle, paie en liquide retour ok;;;;
;;Nom prénom adhérent;GF9 Moove Yes Surface 5,5m2;Techno 112 112l Num 1;Oui;Non;;retour Ok;;;;
;7/D/YYYY;Nom prénom adhérent;GF10 Gun Sails Beat Surface 5,3m2;Beach 175l Num 1;Non;Oui;;retour Ok;;;;
;;Nom prénom adhérent;GF73 Gaastra  Surface 7m2;Foil -RRD  120l Num 1;Non;Non;;Falcon 131 +  ;;;;
;7/D/YYYY;Nom prénom adhérent;GF73 Gaastra  Surface 7m2;Foil -RRD  120l Num 1;oui;oui;;retour ok;;;;
;7/D/YYYY;Nom prénom adhérent;GF17 Gun Sails Torro Surface 6,6m2;Guru 135l Num 1;;;;retour ok;;;;
;7/D/YYYY;Nom prénom adhérent;GF43 North Spectro Surface 5m2;Techno 283 152l Num 6;Non;Non;;Retour Ok;;;;
;7/D/YYYY;Nom prénom adhérent;GF13 Gun Sails Mission Surface 6,9m2;Techno 133 133l Num 2;Oui;Oui;;Retour Ok;;;;
;7/D/YYYY;Nom prénom adhérent;;Beach 175l Num 1;Non;Non;;paddle (parrainé Laura) retour ok;;;;
;7/D/YYYY;Nom prénom adhérent;;Beach 175l Num 2;Non;Non;;paddle (parrainé Laura) retour ok;;;;
;7/D/YYYY;Nom prénom adhérent;;Beach 175l Num 3;Non;Non;;paddle (parrainé Laura) retour ok;;;;
;7/D/YYYY;Nom prénom adhérent;;Beach 175l Num 4;Non;Non;;paddle (parrainé Laura) retour ok;;;;
;7/D/YYYY;Nom prénom adhérent;GF5 Neilpryde Wavepro Surface 5,2m2;Techno 283 152l Num 1;Oui;Oui;; retour ok;;;;
;7/D/YYYY;Nom prénom adhérent;GF31 Ezzy Wave Surface 5m2;Beach 175l Num 5;non;non;;retour ok;;;;
;7/D/YYYY;Nom prénom adhérent;GF51 Loft Sails LIP Surface 3,9m2;Beach 175l Num 4;Non;Oui;;;;;;
;7/D/YYYY;Nom prénom adhérent;GF59 Arrows Impact Surface 3,6m2;Melody 300l Num 6;Non;Oui;;;;;;
;7/D/YYYY;Nom prénom adhérent;GF69 Simmer  Spark Surface 4,5m2 Réservé bon niveau;Beach 175l Num 6;Non;Oui;;;;;;
;7/D/YYYY;Nom prénom adhérent;GF47 North Zeta Surface 4m2;Melody 300l Num 1;Non;Non;;GF57+GF21+Melody5+planche verte;;;;
;7/D/YYYY;Nom prénom adhérent;GF55 Gun Sails Hammer Surface 4m2;Beach 175l Num 2;;Oui;;parrainage louise GF100 melody 5;;;;
;7/D/YYYY;Nom prénom adhérent;GF48 Maui Legend Surface 4m2 Réservé bon niveau;Melody 300l Num 1;;Non;;parrainage Cyril GF 49  beach 3 combi;;;;
;7/D/YYYY;Nom prénom adhérent;GF13 Gun Sails Mission Surface 6,9m2;Foil -RRD  120l Num 1;;;;;;;;
;7/D/YYYY;Nom prénom adhérent;GF55 Gun Sails Hammer Surface 4m2;Beach 175l Num 3;non;non;;retour ok;;;;
;7/D/YYYY;Nom prénom adhérent;GF73 Gaastra  Surface 7m2;Falcon 131l Num ;oui;non;;retour ok;;;;
;7/D/YYYY;Nom prénom adhérent;GF47 North Zeta Surface 4m2;Beach 175l Num 4;Non;non;;retour ok;;;;
;7/D/YYYY;Nom prénom adhérent;GF1 Gun Sails Torro Surface 5,7m2;Techno 133 133l Num 2;Oui;Non;;retour ok;;;;
;7/D/YYYY;Nom prénom adhérent;GF51 Loft Sails LIP Surface 3,9m2;Beach 175l Num 5;non;non;;parrainage Jean;;;;
;7/D/YYYY;Nom prénom adhérent;;Beach 175l Num 2;non;oui;;GF49- parrainage Jean;;;;
;7/D/YYYY;Nom prénom adhérent;GF57 North Zeta Surface 4,2m2;Beach 175l Num 3;non;oui;;retour ok;;;;
;7/D/YYYY;Nom prénom adhérent;GF41 Bob Noname Surface 4,5m2;Beach 175l Num 2;non;oui;;retour ok;;;;
;7/D/YYYY;Nom prénom adhérent;GF4 North Prisma Surface 6m2;Super Cross 106l Num ;oui;non;;retour ok;;;;
;7/D/YYYY;Nom prénom adhérent;GF60 Gun Sails Rapid Surface 7,2m2;;Non;Non;;;;;;
;7/D/YYYY;Nom prénom adhérent;GF65 Loft Sails O2 Surface 8,4m2;Guru 135l Num 1;oui;oui;;retour ok;;;;
;7/D/YYYY;Nom prénom adhérent;GF69 Simmer  Spark Surface 4,5m2 Réservé bon niveau;Techno E-large 135l Num ;Oui;Oui;;retour ok;;;;
;7/D/YYYY;Nom prénom adhérent;GF13 Gun Sails Mission Surface 6,9m2;Techno 273 125l Num 2;Oui;Oui;;;;;;
;7/D/YYYY;Nom prénom adhérent;GF1 Gun Sails Torro Surface 5,7m2;Techno 133 133l Num 2;Oui;Oui;;;;;;
;7/D/YYYY;Nom prénom adhérent;GF73 Gaastra  Surface 7m2;;Non;Non;;planche suédoise, retour ok;;;;
;7/D/YYYY;Nom prénom adhérent;GF5 Neilpryde Wavepro Surface 5,2m2;Avant ride 130l Num ;Oui;Oui;;retour ok;;;;
;7/D/YYYY;Nom prénom adhérent;GF100 enfant Gun Sails Dragon Surface 3,6m2;;Oui;Oui;;retour ok;;;;
;7/D/YYYY;Nom prénom adhérent;GF7 Gun Sails Torro Surface 5,7m2;Falcon 131l Num ;Oui;Non;;Planche cassée au niveau du nez!;;;;
;7/D/YYYY;Nom prénom adhérent;GF69 Simmer  Spark Surface 4,5m2 Réservé bon niveau;Techno 283 152l Num 6;non;oui;;retour ok;;;;
;7/D/YYYY;Nom prénom adhérent;GF73 Gaastra  Surface 7m2;Super Cross 106l Num ;oui;non;;retour ok;;;;
;7/D/YYYY;Nom prénom adhérent;GF13 Gun Sails Mission Surface 6,9m2;Techno 273 125l Num 2;oui;non;;;;;;
;7/D/YYYY;Nom prénom adhérent;GF31 Ezzy Wave Surface 5m2;Techno 283 152l Num 3;non;non;;;;;;
;8/D/YYYY;Nom prénom adhérent;GF57 North Zeta Surface 4,2m2;Beach 175l Num 6;Non;Oui;;Retour ok;;;;
;8/D/YYYY;Nom prénom adhérent;GF55 Gun Sails Hammer Surface 4m2;Beach 175l Num 5;NON;NON;;Voile rafistolée avec shaterton à la prise - Retour ok;;;;
;8/D/YYYY;Nom prénom adhérent;GF51 Loft Sails LIP Surface 3,9m2;Beach 175l Num 4;non;non;;Retour ok;;;;
;8/D/YYYY;Nom prénom adhérent;GF71 North Style Surface 5m2 Réservé bon niveau;Guru 135l Num 1;oui;non;;retour ok;;;;
;8/D/YYYY;Nom prénom adhérent;GF70 Gaastra Remedy Surface 5,2m2 Réservé bon niveau;Beach 175l Num 1;Non;Non;;;;;;
;8/D/YYYY;Nom prénom adhérent;GF69 Simmer  Spark Surface 4,5m2 Réservé bon niveau;Techno 283 152l Num 1;Oui;Non;;retour ok;;;;
;8/D/YYYY;Nom prénom adhérent;GF1 Gun Sails Torro Surface 5,7m2;Freestyle Pro 100l Num ;Non;Non;;;;;;
;8/D/YYYY;Nom prénom adhérent;;Score 99l Num 1;oui;Non;;;;;;
;8/D/YYYY;Nom prénom adhérent;GF73 Gaastra  Surface 7m2;Avant ride 130l Num ;;;;;;;;
;8/D/YYYY;Nom prénom adhérent;GF71 North Style Surface 5m2 Réservé bon niveau;Techno E-large 135l Num ;OUI;Non;;retour ok;;;;
;8/D/YYYY;Nom prénom adhérent;GF59 Arrows Impact Surface 3,6m2;Beach 175l Num 5;Non;Oui;;retour ok;;;;
;8/D/YYYY;Nom prénom adhérent;GF13 Gun Sails Mission Surface 6,9m2;Super Cross 106l Num ;Oui;Non;;retour ok;;;;
;8/D/YYYY;Nom prénom adhérent;GF12 Gaastra Pilot Surface 6m2;Techno 283 152l Num 6;Oui;Non;;retour ok;;;;
;8/D/YYYY;Nom prénom adhérent;GF55 Gun Sails Hammer Surface 4m2;Beach 175l Num 4;Non;Non;;;;;;
;8/D/YYYY;Nom prénom adhérent;GF43 North Spectro Surface 5m2;Techno 283 152l Num 1;Oui;Non;;;;;;
;8/D/YYYY;Nom prénom adhérent;GF20 Neilpryde V6 Surface 6m2;Bamascus Freestyle 100l Num ;Oui;Non;;;;;;
;8/D/YYYY;Nom prénom adhérent;GF57 North Zeta Surface 4,2m2;Beach 175l Num 3;Oui;Non;;retour ok;;;;
;8/D/YYYY;Nom prénom adhérent;GF7 Gun Sails Torro Surface 5,7m2;Techno 273 125l Num 2;Oui;Non;;;;;;
;8/D/YYYY;Nom prénom adhérent;GF63 Neilpryde RS Slalom Surface 6,7m2 RESERVE FUN++ ;Techno 283 152l Num 1;OUI;;;retour ok/ 2 lattes cassées;;;;
;8/D/YYYY;Nom prénom adhérent;GF70 Gaastra Remedy Surface 5,2m2 Réservé bon niveau;Beach 175l Num 6;OUI;NON;;ok;;;;
;8/D/YYYY;Nom prénom adhérent;GF9 Moove Yes Surface 5,5m2;Techno 283 152l Num 4;OUI;NON;;ok;;;;
;8/D/YYYY;Nom prénom adhérent;GF10 Gun Sails Beat Surface 5,3m2;Techno 273 125l Num 2;NON;NON;;ok;;;;
;8/D/YYYY;Nom prénom adhérent;GF65 Loft Sails O2 Surface 8,4m2;Techno E-large 135l Num ;OUI;NON;;ok;;;;
;8/D/YYYY;Nom prénom adhérent;GF53 Neilpryde Warp Surface 4,2m2;Beach 175l Num 6;Non;Oui;;ok;;;;
;8/D/YYYY;Nom prénom adhérent;GF56 Simmer Surflite Surface 3,4m2;Beach 175l Num 2;Non;Non;;ok;;;;
;8/D/YYYY;Nom prénom adhérent;GF55 Gun Sails Hammer Surface 4m2;Beach 175l Num 5;Non;Oui;;ok;;;;
;8/D/YYYY;Nom prénom adhérent;GF13 Gun Sails Mission Surface 6,9m2;Techno E-large 135l Num ;Oui;Non;;ok;;;;
;8/D/YYYY;Nom prénom adhérent;GF69 Simmer  Spark Surface 4,5m2 Réservé bon niveau;Beach 175l Num 1;Non;Oui;;!!! Panneau central cassé en tombant dans la voile!!! A voir caution ou pas  (ouverture Francois);;;;
;8/D/YYYY;Nom prénom adhérent;GF45 Pryde Raf Surface 4,5m2;Beach 175l Num 2;Oui;Oui;;ok;;;;
;8/D/YYYY;Nom prénom adhérent;GF1 Gun Sails Torro Surface 5,7m2;Techno 283 152l Num 6;Oui;Oui;;;;;;
;8/D/YYYY;Nom prénom adhérent;GF67 Gun Sails Mission Surface 8m2;Techno 133 133l Num 2;Oui;Oui;;;;;;
;8/D/YYYY;Nom prénom adhérent;GF31 Ezzy Wave Surface 5m2;Techno 133 133l Num 2;Oui;Oui;;;;;;
;8/D/YYYY;Nom prénom adhérent;GF73 Gaastra  Surface 7m2;Beach 175l Num 5;Non;Non;;retour ok;;;;
;8/D/YYYY;Nom prénom adhérent;GF71 North Style Surface 5m2 Réservé bon niveau;Techno 283 152l Num 3;Oui;Non;;retour ok;;;;
;8/D/YYYY;Nom prénom adhérent;GF41 Bob Noname Surface 4,5m2;Beach 175l Num 3;non;non;;Latte sus-wishbone cassée près du mat (avant prise de matos) - Retour Ok;;;;
;10/D/YYYY;Nom prénom adhérent;GF71 North Style Surface 5m2 Réservé bon niveau;Beach 175l Num 5;Oui;Non;;ok;;;;
;8/D/YYYY;Nom prénom adhérent;GF100 enfant Gun Sails Dragon Surface 3,6m2;;Oui;Oui;;ok;;;;
;8/D/YYYY;Nom prénom adhérent;GF73 Gaastra  Surface 7m2;Beach 175l Num 1;Oui;Non;;ok;;;;
;8/D/YYYY;Nom prénom adhérent;GF5 Neilpryde Wavepro Surface 5,2m2;Techno 133 133l Num 2;Oui;Non;;ok;;;;
;8/D/YYYY;Nom prénom adhérent;GF41 Bob Noname Surface 4,5m2;Techno 112 112l Num 3;Non;Oui;;plus une techno réparée sans n° retour ok;;;;
;8/D/YYYY;Nom prénom adhérent;GF55 Gun Sails Hammer Surface 4m2;Beach 175l Num 5;Non;Oui;;plus GF 49 et 3 combi retour ok;;;;
;8/D/YYYY;Nom prénom adhérent;GF66 Gun Sails GSR Surface 8,7m2;RRD 120l Num 2;Non;Non;;retour ok;;;;
;8/D/YYYY;Nom prénom adhérent;GF9 Moove Yes Surface 5,5m2;Beach 175l Num 2;Oui;Non;;Ok;;;;
;8/D/YYYY;Nom prénom adhérent;GF31 Ezzy Wave Surface 5m2;Beach 175l Num 4;Oui;Oui;;Ok;;;;
;8/D/YYYY;Nom prénom adhérent;GF10 Gun Sails Beat Surface 5,3m2;Beach 175l Num 5;Oui;Non;;;;;;
;8/D/YYYY;Nom prénom adhérent;GF46 North Zeta Surface 4,2m2;Beach 175l Num 6;Non;Non;;Ok;;;;
;8/D/YYYY;Nom prénom adhérent;GF1 Gun Sails Torro Surface 5,7m2;Techno 283 152l Num 5;Non;Non;;reour ok;;;;
;8/D/YYYY;Nom prénom adhérent;;Beach 175l Num 1;Non;Non;;Paddle retour ok;;;;
;8/D/YYYY;Nom prénom adhérent;GF45 Pryde Raf Surface 4,5m2;Beach 175l Num 3;Non;Oui;;retour ok;;;;
;8/D/YYYY;Nom prénom adhérent;GF70 Gaastra Remedy Surface 5,2m2 Réservé bon niveau;Techno 273 125l Num 2;;;;retour ok;;;;
;8/D/YYYY;Nom prénom adhérent;GF100 enfant Gun Sails Dragon Surface 3,6m2;Techno 133 133l Num 2;Oui;Oui;;retour ok;;;;
;8/D/YYYY;Nom prénom adhérent;GF5 Neilpryde Wavepro Surface 5,2m2;;;;;retour ok;;;;
;8/D/YYYY;Nom prénom adhérent;GF12 Gaastra Pilot Surface 6m2;Techno 283 152l Num 3;Oui;Oui;;retour ok;;;;
;8/D/YYYY;Nom prénom adhérent;GF73 Gaastra  Surface 7m2;;Oui;Non;;planche rouge;;;;
;8/D/YYYY;Nom prénom adhérent;GF41 Bob Noname Surface 4,5m2;Techno 273 125l Num 4;Oui;Oui;;retour ok;;;;
;8/D/YYYY;Nom prénom adhérent;GF44 North Spectro Surface 4,5m2;Techno 283 152l Num 3;Oui;Oui;;retour ok;;;;
;8/D/YYYY;Nom prénom adhérent;GF1 Gun Sails Torro Surface 5,7m2;Super Cross 106l Num ;Oui;Non;;Ok;;;;
;8/D/YYYY;Nom prénom adhérent;GF71 North Style Surface 5m2 Réservé bon niveau;Beach 175l Num 1;Oui;Oui;;Ok;;;;
;8/D/YYYY;Nom prénom adhérent;GF12 Gaastra Pilot Surface 6m2;Techno 112 112l Num 1;Non;Non;;Ok;;;;
;8/D/YYYY;Nom prénom adhérent;GF48 Maui Legend Surface 4m2 Réservé bon niveau;Beach 175l Num 2;Oui;Oui;;Ok;;;;
;8/D/YYYY;Nom prénom adhérent;GF100 enfant Gun Sails Dragon Surface 3,6m2;Beach 175l Num 3;Oui;Oui;;Ok;;;;
;8/D/YYYY;Nom prénom adhérent;GF46 North Zeta Surface 4,2m2;Beach 175l Num 4;Non;Oui;;Ok;;;;
;8/D/YYYY;Nom prénom adhérent;GF55 Gun Sails Hammer Surface 4m2;Techno 273 125l Num 3;Oui;Oui;;Invitée : Flavie Ailhaud - Ok;;;;
;8/D/YYYY;Nom prénom adhérent;GF45 Pryde Raf Surface 4,5m2;Techno 133 133l Num 2;Oui;Oui;;Ok;;;;
;8/D/YYYY;Nom prénom adhérent;GF31 Ezzy Wave Surface 5m2;Techno 283 152l Num 4;Oui;non;;;;;;
;8/D/YYYY;Nom prénom adhérent;GF51 Loft Sails LIP Surface 3,9m2;Beach 175l Num 5;Non;non;;;;;;
;8/D/YYYY;Nom prénom adhérent;GF13 Gun Sails Mission Surface 6,9m2;RRD 120l Num 2;Oui;Non;;;;;;
;8/D/YYYY;Nom prénom adhérent;GF66 Gun Sails GSR Surface 8,7m2;Techno 133 133l Num 2;Non;Non;;Ok;;;;
;8/D/YYYY;Nom prénom adhérent;GF31 Ezzy Wave Surface 5m2;Beach 175l Num 1;Oui;;;Ok;;;;
;8/D/YYYY;Nom prénom adhérent;GF100 enfant Gun Sails Dragon Surface 3,6m2;Beach 175l Num 4;Non;Oui;;Ok;;;;
;8/D/YYYY;Nom prénom adhérent;GF48 Maui Legend Surface 4m2 Réservé bon niveau;Beach 175l Num 5;Oui;Oui;;Ok;;;;
;8/D/YYYY;Nom prénom adhérent;GF71 North Style Surface 5m2 Réservé bon niveau;Beach 175l Num 6;Oui;Oui;;OK;;;;
;8/D/YYYY;Nom prénom adhérent;GF1 Gun Sails Torro Surface 5,7m2;Beach 175l Num 1;Non;Non;;OK;;;;
;8/D/YYYY;Nom prénom adhérent;;;;;;OK;;;;
;8/D/YYYY;Nom prénom adhérent;GF44 North Spectro Surface 4,5m2;Melody 300l Num 1;;Oui;;OK;;;;
;8/D/YYYY;Nom prénom adhérent;GF55 Gun Sails Hammer Surface 4m2;Beach 175l Num 2;Non;Non;;OK;;;;
;8/D/YYYY;Nom prénom adhérent;GF46 North Zeta Surface 4,2m2;Techno 283 152l Num 3;Non;Oui;;OK;;;;
;8/D/YYYY;Nom prénom adhérent;GF100 enfant Gun Sails Dragon Surface 3,6m2;Beach 175l Num 3;Non;Oui;;OK;;;;
;8/D/YYYY;Nom prénom adhérent;GF51 Loft Sails LIP Surface 3,9m2;Beach 175l Num 4;Non;Oui;;OK;;;;
;8/D/YYYY;Nom prénom adhérent;GF48 Maui Legend Surface 4m2 Réservé bon niveau;Beach 175l Num 5;;Oui;;OK;;;;
;8/D/YYYY;Nom prénom adhérent;GF56 Simmer Surflite Surface 3,4m2;Techno 283 152l Num 1;;Oui;;OK;;;;
;8/D/YYYY;Nom prénom adhérent;;Techno 283 152l Num 2;;Non;;Voile GF 49;;;;
;8/D/YYYY;Nom prénom adhérent;GF57 North Zeta Surface 4,2m2;Melody 300l Num 10;Non;Oui;;OK;;;;
;8/D/YYYY;Nom prénom adhérent;GF13 Gun Sails Mission Surface 6,9m2;Techno 133 133l Num 2;Oui;Oui;;OK;;;;
;8/D/YYYY;Nom prénom adhérent;GF59 Arrows Impact Surface 3,6m2;Beach 175l Num 6;Non;Oui;;OK;;;;
;8/D/YYYY;Nom prénom adhérent;GF47 North Zeta Surface 4m2;Techno 273 125l Num 1;Non;Oui;;OK;;;;
;8/D/YYYY;Nom prénom adhérent;GF45 Pryde Raf Surface 4,5m2;Beach 175l Num 1;;;;OK;;;;
;8/D/YYYY;Nom prénom adhérent;GF55 Gun Sails Hammer Surface 4m2;Beach 175l Num 2;;;;OK;;;;
;8/D/YYYY;Nom prénom adhérent;GF13 Gun Sails Mission Surface 6,9m2;Super Cross 106l Num ;Oui;Oui;;OK;;;;
;8/D/YYYY;Nom prénom adhérent;GF61 Gun Sails Rapid Surface 7,2m2;Techno 283 152l Num 1;Oui;Oui;;lattes cassées (dès le début) mais a navigué avec…;;;;
;8/D/YYYY;Nom prénom adhérent;GF72 Gun Sails Zoom Surface 7m2;Techno 133 133l Num 2;Oui;Oui;;flotteur ayant un strap cassé (taraudage hors tout);;;;
;8/D/YYYY;Nom prénom adhérent;GF47 North Zeta Surface 4m2;Beach 175l Num 4;Non;Oui;;OK;;;;
;8/D/YYYY;Nom prénom adhérent;GF57 North Zeta Surface 4,2m2;Beach 175l Num 6;Non;Oui;;OK;;;;
;8/D/YYYY;Nom prénom adhérent;GF1 Gun Sails Torro Surface 5,7m2;Techno E-large 135l Num ;Oui;Non;;retour OK;;;;
;8/D/YYYY;Nom prénom adhérent;GF44 North Spectro Surface 4,5m2;Beach 175l Num 3;;;;retour OK;;;;
;8/D/YYYY;Nom prénom adhérent;GF72 Gun Sails Zoom Surface 7m2;Techno 133 133l Num 2;Oui;Oui;;retour OK;;;;
;8/D/YYYY;Nom prénom adhérent;GF45 Pryde Raf Surface 4,5m2;Beach 175l Num 4;Oui;Non;;retour OK;;;;
;8/D/YYYY;Nom prénom adhérent;GF1 Gun Sails Torro Surface 5,7m2;;oui;oui;;retour OK;;;;
;8/D/YYYY;Nom prénom adhérent;GF71 North Style Surface 5m2 Réservé bon niveau;Techno 283 152l Num 6;Oui;Non;;retour OK;;;;
;9/D/YYYY;Nom prénom adhérent;GF1 Gun Sails Torro Surface 5,7m2;Freestyle Pro 100l Num ;Oui;Non;;retour ok;;;;
;9/D/YYYY;Nom prénom adhérent;;Super Cross 106l Num ;Oui;Non;;retour OK;;;;
;9/D/YYYY;Nom prénom adhérent;;Techno 112 112l Num 1;Non;Oui;;retour ok;;;;
;9/D/YYYY;Nom prénom adhérent;GF73 Gaastra  Surface 7m2;Techno 283 152l Num 3;Oui;Oui;;retour OK;;;;
;9/D/YYYY;Nom prénom adhérent;GF31 Ezzy Wave Surface 5m2;Techno 273 125l Num 2;Oui;Oui;;retour OK;;;;
;9/D/YYYY;Nom prénom adhérent;GF12 Gaastra Pilot Surface 6m2;Guru 135l Num 1;Oui;Oui;;retour OK;;;;
;9/D/YYYY;Nom prénom adhérent;GF100 enfant Gun Sails Dragon Surface 3,6m2;Beach 175l Num 1;Non;Oui;;retour;;;;
;9/D/YYYY;Nom prénom adhérent;GF100 enfant Gun Sails Dragon Surface 3,6m2;;Oui;Oui;;plus un harnais retour ok;;;;
;9/D/YYYY;Nom prénom adhérent;GF5 Neilpryde Wavepro Surface 5,2m2;;Oui;;;planche bic E-large retour ok;;;;
;9/D/YYYY;Nom prénom adhérent;GF60 Gun Sails Rapid Surface 7,2m2;Techno 273 125l Num 1;Oui;Oui;;retour OK;;;;
;9/D/YYYY;Nom prénom adhérent;GF13 Gun Sails Mission Surface 6,9m2;Guru 135l Num 1;Oui;Non;;retour OK;;;;
;9/D/YYYY;Nom prénom adhérent;GF1 Gun Sails Torro Surface 5,7m2;;oui;oui;;planche bic 133 blanche retour ok;;;;
;9/D/YYYY;Nom prénom adhérent;GF71 North Style Surface 5m2 Réservé bon niveau;Techno 283 152l Num 6;Oui;Oui;;retour ok;;;;
;9/D/YYYY;Nom prénom adhérent;GF31 Ezzy Wave Surface 5m2;Beach 175l Num 2;Non;Non;;retour ok;;;;
;9/D/YYYY;Nom prénom adhérent;GF51 Loft Sails LIP Surface 3,9m2;Bamascus Freestyle 100l Num ;Oui;Oui;;;;;;
;9/D/YYYY;Nom prénom adhérent;GF10 Gun Sails Beat Surface 5,3m2;Techno 283 152l Num 5;Non;Non;;;;;;
;9/D/YYYY;Nom prénom adhérent;GF7 Gun Sails Torro Surface 5,7m2;Techno 273 125l Num 2;oui;non;;ok;;;;
;9/D/YYYY;Nom prénom adhérent;GF1 Gun Sails Torro Surface 5,7m2;Super Cross 106l Num ;Non;Non;;;;;;
;9/D/YYYY;Nom prénom adhérent;GF12 Gaastra Pilot Surface 6m2;;;;;;;;;
;9/D/YYYY;Nom prénom adhérent;GF45 Pryde Raf Surface 4,5m2;Techno 273 125l Num 2;Oui;Non;;;;;;
;9/D/YYYY;Nom prénom adhérent;GF71 North Style Surface 5m2 Réservé bon niveau;Techno 112 112l Num 1;Oui;Non;;;;;;
;9/D/YYYY;Nom prénom adhérent;GF49   Surface 4,2m2;Beach 175l Num 1;Oui;Oui;;;;;;
;9/D/YYYY;Nom prénom adhérent;GF59 Arrows Impact Surface 3,6m2;Beach 175l Num 4;Non;Oui;;;;;;
;9/D/YYYY;Nom prénom adhérent;GF9 Moove Yes Surface 5,5m2;Techno 283 152l Num 3;Oui;Oui;;;;;;
;9/D/YYYY;Nom prénom adhérent;GF13 Gun Sails Mission Surface 6,9m2;;Oui;Oui;;planche rouge slalom;;;;
;9/D/YYYY;Nom prénom adhérent;GF46 North Zeta Surface 4,2m2;Beach EVUG 175l Num 2;Oui;Non;;;;;;
;9/D/YYYY;Nom prénom adhérent;GF5 Neilpryde Wavepro Surface 5,2m2;Techno 283 152l Num 4;Non;Oui;;2 combi  - payé au retour -tout ok;;;;
;9/D/YYYY;Nom prénom adhérent;GF31 Ezzy Wave Surface 5m2;Techno E-large 135l Num ;Non;Non;;;;;;
;9/D/YYYY;Nom prénom adhérent;GF70 Gaastra Remedy Surface 5,2m2 Réservé bon niveau;Freestyle Pro 100l Num ;;;; ;;;;
;9/D/YYYY;Nom prénom adhérent;GF20 Neilpryde V6 Surface 6m2;Score 99l Num 1;Oui;;;nez qui fuit;;;;
;9/D/YYYY;Nom prénom adhérent;GF41 Bob Noname Surface 4,5m2;Techno 283 152l Num 6;Non;Oui;;;;;;
;9/D/YYYY;Nom prénom adhérent;GF47 North Zeta Surface 4m2;Techno 283 152l Num 5;non;oui;;;;;;
;9/D/YYYY;Nom prénom adhérent;GF70 Gaastra Remedy Surface 5,2m2 Réservé bon niveau;Score 99l Num 2;non;non;;;;;;
;9/D/YYYY;Nom prénom adhérent;GF46 North Zeta Surface 4,2m2;Techno E-large 135l Num ;Oui;Non;;retour ok;;;;
;9/D/YYYY;Nom prénom adhérent;GF100 enfant Gun Sails Dragon Surface 3,6m2;;Oui;Oui;;retour ok;;;;
;9/D/YYYY;Nom prénom adhérent;GF1 Gun Sails Torro Surface 5,7m2;Techno 283 152l Num 4;Oui;Oui;;retour ok;;;;
;9/D/YYYY;Nom prénom adhérent;GF12 Gaastra Pilot Surface 6m2;Hawk 123l Num 1;Non;Non;;;;;;
;;;;;;;;;;;;
;;;;;;;;;;;;
;;;;;;;;;;;;
;;;;;;;;;;;;
;;;;;;;;;;;;
;;;;;;;;;;;;
;;;;;;;;;;;;
;;;;;;;;;;;;
;;;;;;;;;;;;
;;;;;;;;;;;;
;;;;;;;;;;;;
;;;;;;;;;;;;
;;;;;;;;;;;;
;;;;;;;;;;;;
;;;;;;;;;;;;
;;;;;;;;;;;;
;;;;;;;;;;;;
;;;;;;;;;;;;
;;;;;;;;;;;;
;;;;;;;;;;;;
;;;;;;;;;;;;
;;;;;;;;;;;;
;;;;;;;;;;;;
;;;;;;;;;;;;
;;;;;;;;;;;;
;;;;;;;;;;;;
;;;;;;;;;;;;
;;;;;;;;;;;;
;;;;;;;;;;;;
;;;;;;;;;;;;
;;;;;;;;;;;;
;;;;;;;;;;;;
;;;;;;;;;;;;
;;;;;;;;;;;;
;;;;;;;;;;;;
;;;;;;;;;;;;
;;;;;;;;;;;;
;;;;;;;;;;;;
;;;;;;;;;;;;
;;;;;;;;;;;;
;;;;;;;;;;;;
;;;;;;;;;;;;
;;;;;;;;;;;;
;;;;;;;;;;;;
;;;;;;;;;;;;
;;;;;;;;;;;;
;;;;;;;;;;;;
;;;;;;;;;;;;
;;;;;;;;;;;;
;;;;;;;;;;;;
;;;;;;;;;;;;
;;;;;;;;;;;;
;;;;;;;;;;;;
;;;;;;;;;;;;
;;;;;;;;;;;;
;;;;;;;;;;;;
;;;;;;;;;;;;
;;;;;;;;;;;;
;;;;;;;;;;;;
;;;;;;;;;;;;
;;;;;;;;;;;;
;;;;;;;;;;;;
;;;;;;;;;;;;
;;;;;;;;;;;;
;;;;;;;;;;;;
;;;;;;;;;;;;
;;;;;;;;;;;;
;;;;;;;;;;;;
;;;;;;;;;;;;
;;;;;;;;;;;;
;;;;;;;;;;;;
;;;;;;;;;;;;
;;;;;;;;;;;;
;;;;;;;;;;;;
;;;;;;;;;;;;
;;;;;;;;;;;;
;;;;;;;;;;;;
;;;;;;;;;;;;
;;;;;;;;;;;;
;;;;;;;;;;;;
;;;;;;;;;;;;
;;;;;;;;;;;;
;;;;;;;;;;;;
;;;;;;;;;;;;
;;;;;;;;;;;;
;;;;;;;;;;;;
;;;;;;;;;;;;
;;;;;;;;;;;;
;;;;;;;;;;;;
;;;;;;;;;;;;
;;;;;;;;;;;;
;;;;;;;;;;;;
;;;;;;;;;;;;
;;;;;;;;;;;;
;;;;;;;;;;;;
;;;;;;;;;;;;
;;;;;;;;;;;;
;;;;;;;;;;;;
;;;;;;;;;;;;
;;;;;;;;;;;;
;;;;;;;;;;;;
;;;;;;;;;;;;
;;;;;;;;;;;;
;;;;;;;;;;;;
;;;;;;;;;;;;
;;;;;;;;;;;;
;;;;;;;;;;;;
;;;;;;;;;;;;
;;;;;;;;;;;;
;;;;;;;;;;;;
;;;;;;;;;;;;
;;;;;;;;;;;;
;;;;;;;;;;;;
;;;;;;;;;;;;
;;;;;;;;;;;;
;;;;;;;;;;;;
;;;;;;;;;;;;
;;;;;;;;;;;;
;;;;;;;;;;;;
;;;;;;;;;;;;
;;;;;;;;;;;;
;;;;;;;;;;;;
;;;;;;;;;;;;
;;;;;;;;;;;;
;;;;;;;;;;;;
;;;;;;;;;;;;
;;;;;;;;;;;;
;;;;;;;;;;;;
;;;;;;;;;;;;
;;;;;;;;;;;;
;;;;;;;;;;;;
;;;;;;;;;;;;
;;;;;;;;;;;;
;;;;;;;;;;;;
;;;;;;;;;;;;
;;;;;;;;;;;;
;;;;;;;;;;;;
;;;;;;;;;;;;
.;;;;;;;;;;;;
