;;;;;;
;Désignations;Nb;CA théorique;;;
;Nb Adhésions Adulte (y compris non payé);0;0;;;
;Nb Adhésions Etudiants (y compris non payé);0;0;;;
;Nb Adhésions Famille (y compris non payé);0;0;;;
;Nb Adhésions Journée (y compris non payé);0;0;;;
;Nb de box (y compris non payé);0;0;;;
;Nb sortie Matos Payé;;0;;;
;Nb sortie Matos en attente de paiement;;0;;;
;Nb Adhésions en attente de paiement;;;;;€
;Total;;0;;;
;Reste à encaisser;;-2885;;;
;;;;Dépôt en banque;;
;Recupéré par M le 23/05/2015;;280;5/D/YYYY;;
;Recupéré par Mvia F;;390;5/D/YYYY;;
;En caisse le 20/06 à 14h;;380;;;
;Pris M le 26/07/15;;885;;;
;Le 29/08/15 compté par M;;950;;;
;;;;;;
;;;;;;
;;;;;;
;;;;;;
;;;;;;
;;;;;;
;;;;;;
;;;;;;
;;;;;;
;;;;;;
;;;;;;
;;;;;;
;;;;;;
;;;;;;
;;;;;;
;Total des encaissements;;2885;;;