;Liste des voiles disponibles;;;;;;;;;
;Marque;Modèle;Surface;Numéro;;Gréée;Localisation;Etat;Libellé;
;Gun Sails;Torro;5,7;GF1;1;oui;Ratellier Voile;En rep;GF1 Gun Sails Torro Surface 5,7m2;
;Gun Sails;Torro;5,7;GF2;2;oui;Ratellier Voile;x;GF2 Gun Sails Torro Surface 5,7m2;
;Gun Sails;Torro;5,7;GF3;3;oui;Ratellier Voile;x;GF3 Gun Sails Torro Surface 5,7m2;
;North;Prisma;6;GF4;4;oui;;x;GF4 North Prisma Surface 6m2;
;Gun Sails;Torro;5,7;GF6;6;oui;Ratellier Voile;x;GF6 Gun Sails Torro Surface 5,7m2;
;Gun Sails;Torro;5,7;GF7;7;oui;Ratellier Voile;x;GF7 Gun Sails Torro Surface 5,7m2;
 ;Gun Sails;Beat;5,3;GF10;10;oui;Ratellier Voile;En rep;GF10 Gun Sails Beat Surface 5,3m2; 
;Gun Sails;Beat;5,3;GF11;11;oui;Ratellier Voile;x;GF11 Gun Sails Beat Surface 5,3m2;
;Gun Sails;Torro;6,6;GF16;16;oui;Ratellier Voile;x;GF16 Gun Sails Torro Surface 6,6m2;
;Gun Sails;Torro;6,6;GF17;17;oui;Ratellier Voile;x;GF17 Gun Sails Torro Surface 6,6m2;
;Equipe;Speed Slalom ;5,2;GF24;24;oui;Ratellier Voile;HS dégrée;GF24 Equipe Speed Slalom  Surface 5,2m2;
;Ezzy;Wave;5;GF31;31;Oui;Ratellier Voile;x;GF31 Ezzy Wave Surface 5m2;
;Fanatic;Wave slalom;4,7;GF32;32;oui;Ratellier Voile;HS;;
;Air Foil;Wave;4,6;GF33;33;oui;Ratellier Voile;x;GF33 Air Foil Wave Surface 4,6m2;
;Gun Sails;Top wave;5,0;GF34;34;oui;Ratellier Voile;x;GF34 Gun Sails Top wave Surface 5,0m2;
;North;Infinity;5,0;GF40;40;oui;Ratellier Voile;HS;GF40 North Infinity Surface 5,0m2;
;Bob;Noname;4,5;GF41;41;oui;Ratellier Voile;x;GF41 Bob Noname Surface 4,5m2;
;North;Infinity;5,0;GF42;42;oui;Ratellier Voile;x;GF42 North Infinity Surface 5,0m2;
;North;Spectro;5;GF43;43;oui;;x;GF43 North Spectro Surface 5m2;
;North;Spectro;5;GF44;44;oui;;x;GF44 North Spectro Surface 5m2;
;Pryde;Raf;4,5;GF45;45;oui;Ratellier Voile;x;GF45 Pryde Raf Surface 4,5m2;
;North;Zeta;4,2;GF46;46;oui;Ratellier Voile;x;GF46 North Zeta Surface 4,2m2;
;North;Zeta;4,0;GF47;47;oui;Ratellier Voile;x;GF47 North Zeta Surface 4,0m2;
;Maui;Legend;4;GF48;48;oui;Ratellier Voile;x;GF48 Maui Legend Surface 4m2 Réservé bon niveau;
;Loft Sails;LIP;3,9;GF51;51;oui;Ratellier Voile;x;GF51 Loft Sails LIP Surface 3,9m2;
;Neilpryde;Warp;3,3;GF52;52;oui;Ratellier Voile;x;GF52 Neilpryde Warp Surface 3,3m2;
;Neilpryde;Warp;4,2;GF53;53;oui;Ratellier Voile;En rep;GF53 Neilpryde Warp Surface 4,2m2;
;Neilpryde;Raf;3,7;GF54;54;oui;Ratellier Voile;x;GF54 Neilpryde Raf Surface 3,7m2;
;Gun Sails;Hammer;4,0;GF55;55;oui;Ratellier Voile;x;GF55 Gun Sails Hammer Surface 4,0m2;
;Simmer;Surflite;3,4;GF56;56;oui;Ratellier Voile;x;GF56 Simmer Surflite Surface 3,4m2;
;North;Zeta;4,2;GF57;57;oui;Ratellier Voile;x;GF57 North Zeta Surface 4,2m2;
;Gun Sails;Top wave;5,0;GF58;58;oui;Ratellier Voile;x;GF58 Gun Sails Top wave Surface 5,0m2;
;Arrows;Impact;3,6;GF59;59;oui;Ratellier Voile;x;GF59 Arrows Impact Surface 3,6m2;
;Gun Sails;Rapid;7,2;GF60;60;oui;Ratellier Voile;x;GF60 Gun Sails Rapid Surface 7,2m2;
;Gun Sails;Rapid;7,2;GF61;61;oui;;x;GF61 Gun Sails Rapid Surface 7,2m2;
;Neilpryde;V6;6;GF62;62;oui;Ratellier Voile;;GF62 Neilpryde V6 Surface 6m2 Réservé bon niveau;
;Neilpryde;RS Slalom;6,7;GF63;63;non;;x;GF63 Neilpryde RS Slalom Surface 6,7m2 RESERVE FUN++ ;
;Loft Sails;Blade;8,5;GF64;64;non;;En rep;GF64 Loft Sails Blade Surface 8,5m2;
;Loft Sails;O2;8,4;GF65;65;non;;x;GF65 Loft Sails O2 Surface 8,4m2;
;Gun Sails;GSR;8,7;GF66;66;non;;x;GF66 Gun Sails GSR Surface 8,7m2;
;Gun Sails;Mission;8,0;GF67;67;non;;En rep;GF67 Gun Sails Mission Surface 8,0m2;
;Neilpryde;V8;10;GF68;68;non;;x;GF68 Neilpryde V8 Surface 10m2;
;Simmer ;Spark;5;GF69;69;Oui;Ratellier Voile;x;GF69 Simmer  Spark Surface 5m2 Réservé bon niveau;
;Gaastra;Remedy;5;GF70;70;oui;Ratellier Voile;x;GF70 Gaastra Remedy Surface 5m2 Réservé bon niveau;
;North;Style;5;GF71;71;oui;Ratellier Voile;x;GF71 North Style Surface 5m2 Réservé bon niveau;
;Gun Sails;Zoom;7;GF72;72;non;;;GF72 Gun Sails Zoom Surface 7m2;
;Gaastra;;7;GF73;73;oui;;;GF73 Gaastra  Surface 7m2;
;Gun ;Canon Ball;7;GF83;83;non;;;GF83 Gun  Canon Ball Surface 7m2;
;Gun Sails;Dragon;4;GF100 enfant;100 enfant;oui;;x;GF100 enfant Gun Sails Dragon Surface 4m2;
;Neilpryde;Wavepro;5;GF5;5;oui;Ratellier Voile;x;GF5 Neilpryde Wavepro Surface 5m2;
;Naish;Force;5;GF8;8;;;x;GF8 Naish Force Surface 5m2 Réservé bon niveau;
;Moove;Yes;6;GF9;9;;;x;GF9 Moove Yes Surface 6m2;
;Gaastra;Pilot;6;GF12;12;;;x;GF12 Gaastra Pilot Surface 6m2;
;Gun Sails;Mission;7;GF13;13;;;x;GF13 Gun Sails Mission Surface 7m2;
;Tribord;RC4;8;GF14;14;;Rack du fond;x;GF14 Tribord RC4 Surface 8m2;
;North Sails;S Type;8;GF15;15;;;x;GF15 North Sails S Type Surface 8m2;
;Gun Sails;Cannonball;7;GF18;18;;;x;GF18 Gun Sails Cannonball Surface 7m2;
;Neilpryde;V8;7;GF19;19;;;x;GF19 Neilpryde V8 Surface 7m2;
;Neilpryde;V6;6;GF20;20;oui;Ratellier Voile;x;GF20 Neilpryde V6 Surface 6m2;
;;;4;GF49;49;;;;GF49   Surface 4m2;
;;;;;;;;;   Surface m2;
;;;;;;;;;   Surface m2;
;;;;;;;;;   Surface m2;
;;;;;;;;;   Surface m2;
;;;;;;;;;   Surface m2;
;;;;;;;;;   Surface m2;
;;;;;;;;;   Surface m2;
;;;;;;;;;   Surface m2;
;;;;;;;;;   Surface m2;
;;;;;;;;;   Surface m2;
;;;;;;;;;   Surface m2;